srpk3_hom_ttnb_het_1	srpk3_hom_ttnb_het	17338627
srpk3_hom_ttnb_het_2	srpk3_hom_ttnb_het	25322425
srpk3_hom_ttnb_het_7	srpk3_hom_ttnb_het	20435313
srpk3_hom_ttnb_het_8	srpk3_hom_ttnb_het	15691480
srpk3_hom_ttnb_het_9	srpk3_hom_ttnb_het	21660429
srpk3_hom_ttnb_het_10	srpk3_hom_ttnb_het	20543866
srpk3_hom_ttnb_wt_1	srpk3_hom_ttnb_wt	20239671
srpk3_hom_ttnb_wt_4	srpk3_hom_ttnb_wt	18506828
srpk3_hom_ttnb_wt_5	srpk3_hom_ttnb_wt	15424551
srpk3_hom_ttnb_wt_6	srpk3_hom_ttnb_wt	27374321
srpk3_hom_ttnb_wt_7	srpk3_hom_ttnb_wt	20874599
srpk3_hom_ttnb_wt_8	srpk3_hom_ttnb_wt	15646593
srpk3_wt_ttnb_het_1	srpk3_wt_ttnb_het	18650541
srpk3_wt_ttnb_het_2	srpk3_wt_ttnb_het	17241717
srpk3_wt_ttnb_het_3	srpk3_wt_ttnb_het	13824852
srpk3_wt_ttnb_het_7	srpk3_wt_ttnb_het	26051158
srpk3_wt_ttnb_het_8	srpk3_wt_ttnb_het	20810106
srpk3_wt_ttnb_het_9	srpk3_wt_ttnb_het	26519342
srpk3_wt_ttnb_wt_2	srpk3_wt_ttnb_wt	16495850
srpk3_wt_ttnb_wt_3	srpk3_wt_ttnb_wt	20155686
srpk3_wt_ttnb_wt_4	srpk3_wt_ttnb_wt	28508054
srpk3_wt_ttnb_wt_5	srpk3_wt_ttnb_wt	18900316
srpk3_wt_ttnb_wt_6	srpk3_wt_ttnb_wt	28842829
srpk3_wt_ttnb_wt_7	srpk3_wt_ttnb_wt	26415127
